,Å°,¸ö¹«°Ô,³ªÀÌ,RF(P),RM(P),RE(P),LF(P),LM(P),LE(P),Speed,Length,³úÁ¹Áõ ¿©ºÎ
1,158,47,22,42,32,45,44,30,47,5.3km/h,65cm,0
2,162,53,24,45,34,49,43,31,48,5.1km/h,67cm,0
3,170,72,74,57,49,55,25,22,27,3.2km/h,50cm,1
4,165,50,29,42,33,46,44,31,47,4.8km/h,70cm,0
5,179,78,45,56,48,51,53,44,56,4.7km/h,76cm,0
6,155,40,23,38,30,34,36,31,38,5.0km/h,63cm,0
7,172,80,65,59,52,57,26,21,28,3.1km/h,53cm,1
8,165,60,62,21,17,26,37,31,34,3.3km/h,46cm,1
9,171,64,70,24,21,25,33,30,38,2.7km/h,49cm,1
10,180,92,67,57,49,54,55,51,59,4.9km/h,76cm,0
